<?xml version="1.0" encoding="utf-8"?>
<VugenScriptMetadata>
  <ScriptName>CH2_CRM_S01_QueryInCustomerIdentificationScreen</ScriptName>
  <Protocol>SAP - Web</Protocol>
  <ActionFiles>
    <FileEntry Name="vuser_init.c" Filter="2" />
    <FileEntry Name="Action.c" Filter="2" />
    <FileEntry Name="vuser_end.c" Filter="2" />
  </ActionFiles>
  <GeneralFiles>
    <FileEntry Name="CH2_CRM_S01_QueryInCustomerIdentificationScreen.usr" Filter="4" />
    <FileEntry Name="default.cfg" Filter="4" />
    <FileEntry Name="default.usp" Filter="4" />
    <FileEntry Name="CH2_CRM_S01_QueryInCustomerIdentificationScreen.prm" Filter="2" />
    <FileEntry Name="globals.h" Filter="2" />
    <FileEntry Name="P_AccountNum.dat" Filter="2" />
    <FileEntry Name="P_UserName.dat" Filter="2" />
    <FileEntry Name="ScriptUploadMetadata.xml" Filter="2" />
    <FileEntry Name="Bookmarks.xml" Filter="2" />
    <FileEntry Name="Breakpoints.xml" Filter="2" />
    <FileEntry Name="CompilerLogMetadata.xml" Filter="2" />
    <FileEntry Name="ReplaySummaryReport.xml" Filter="2" />
    <FileEntry Name="UserTasks.xml" Filter="2" />
    <FileEntry Name="combined_CH2_CRM_S01_QueryInCustomerIdentificationScreen.c" Filter="2" />
    <FileEntry Name="pre_cci.c" Filter="2" />
    <FileEntry Name="1388090444.idx" Filter="1" />
    <FileEntry Name="1388090444_bjV.428.idx" Filter="1" />
    <FileEntry Name="1388090444_Izm.942.idx" Filter="1" />
    <FileEntry Name="1388090444_jlm.922.idx" Filter="1" />
    <FileEntry Name="1388090444_XsE.264.idx" Filter="1" />
    <FileEntry Name="6022520844.idx" Filter="1" />
    <FileEntry Name="777798244.idx" Filter="1" />
    <FileEntry Name="9401581644.idx" Filter="1" />
    <FileEntry Name="9401581644_0Qy.129.idx" Filter="1" />
    <FileEntry Name="9401581644_2xH.821.idx" Filter="1" />
    <FileEntry Name="9401581644_3TB.427.idx" Filter="1" />
    <FileEntry Name="9401581644_9Vb.225.idx" Filter="1" />
    <FileEntry Name="9401581644_a00.779.idx" Filter="1" />
    <FileEntry Name="9401581644_ahg.213.idx" Filter="1" />
    <FileEntry Name="9401581644_Be2.623.idx" Filter="1" />
    <FileEntry Name="9401581644_C5x.941.idx" Filter="1" />
    <FileEntry Name="9401581644_ChW.845.idx" Filter="1" />
    <FileEntry Name="9401581644_erB.263.idx" Filter="1" />
    <FileEntry Name="9401581644_gyz.643.idx" Filter="1" />
    <FileEntry Name="9401581644_ig6.677.idx" Filter="1" />
    <FileEntry Name="9401581644_J7j.515.idx" Filter="1" />
    <FileEntry Name="9401581644_MBC.921.idx" Filter="1" />
    <FileEntry Name="9401581644_mOA.109.idx" Filter="1" />
    <FileEntry Name="9401581644_mvP.599.idx" Filter="1" />
    <FileEntry Name="9401581644_n1F.7.idx" Filter="1" />
    <FileEntry Name="9401581644_o04.643.idx" Filter="1" />
    <FileEntry Name="9401581644_OFv.185.idx" Filter="1" />
    <FileEntry Name="9401581644_OOa.475.idx" Filter="1" />
    <FileEntry Name="9401581644_OXt.439.idx" Filter="1" />
    <FileEntry Name="9401581644_pEG.173.idx" Filter="1" />
    <FileEntry Name="9401581644_QEi.203.idx" Filter="1" />
    <FileEntry Name="9401581644_rhT.301.idx" Filter="1" />
    <FileEntry Name="9401581644_S3g.511.idx" Filter="1" />
    <FileEntry Name="9401581644_SEe.369.idx" Filter="1" />
    <FileEntry Name="9401581644_WT0.761.idx" Filter="1" />
    <FileEntry Name="9401581644_xac.311.idx" Filter="1" />
    <FileEntry Name="9401581644_xaY.47.idx" Filter="1" />
    <FileEntry Name="9401581644_YKC.305.idx" Filter="1" />
    <FileEntry Name="9401581644_YLB.709.idx" Filter="1" />
    <FileEntry Name="9401581644_Z7D.731.idx" Filter="1" />
    <FileEntry Name="9401581644_Zec.499.idx" Filter="1" />
    <FileEntry Name="9401581644_ZGq.257.idx" Filter="1" />
    <FileEntry Name="9401581644_zo6.555.idx" Filter="1" />
    <FileEntry Name="CH2_CRM_S01_QueryInCustomerIdentificationScreen.c.pickle" Filter="1" />
    <FileEntry Name="CH2_CRM_S01_QueryInCustomerIdentificationScreen.ci" Filter="1" />
    <FileEntry Name="CH2_CRM_S01_QueryInCustomerIdentificationScreen.prm.bak" Filter="1" />
    <FileEntry Name="CH2_CRM_S01_QueryInCustomerIdentificationScreen.sdf" Filter="1" />
    <FileEntry Name="custom_body_variables.txt" Filter="1" />
    <FileEntry Name="logfile.log" Filter="1" />
    <FileEntry Name="lrw_custom_body.h" Filter="1" />
    <FileEntry Name="mdrv.log" Filter="1" />
    <FileEntry Name="mdrv_cmd.txt" Filter="1" />
    <FileEntry Name="options.txt" Filter="1" />
    <FileEntry Name="output.bak" Filter="1" />
    <FileEntry Name="output.txt" Filter="1" />
    <FileEntry Name="P_Password.dat" Filter="1" />
    <FileEntry Name="replay.har" Filter="1" />
    <FileEntry Name="shunra.shunra" Filter="1" />
    <FileEntry Name="ThumbnailsCache.tmp" Filter="1" />
    <FileEntry Name="TransactionsData.db" Filter="1" />
    <FileEntry Name="data\" Filter="1" />
    <FileEntry Name="result1\" Filter="1" />
  </GeneralFiles>
</VugenScriptMetadata>